<profile version="1.0">
  <option name="myName" value="Default" />
  <inspection_tool class="DuplicatedCode" enabled="true" level="WEAK WARNING" enabled_by_default="true">
    <Languages>
      <language minSize="126" name="Python" />
    </Languages>
  </inspection_tool>
  <inspection_tool class="PyPackageRequirementsInspection" enabled="true" level="WARNING" enabled_by_default="true">
    <option name="ignoredPackages">
      <value>
        <list size="16">
          <item index="0" class="java.lang.String" itemvalue="aws_cdk.aws_lambda" />
          <item index="1" class="java.lang.String" itemvalue="pytest" />
          <item index="2" class="java.lang.String" itemvalue="aws_cdk.aws_certificatemanager" />
          <item index="3" class="java.lang.String" itemvalue="aws_cdk.aws_apigateway" />
          <item index="4" class="java.lang.String" itemvalue="aws_cdk.aws_iam" />
          <item index="5" class="java.lang.String" itemvalue="aws_cdk.aws_dynamodb" />
          <item index="6" class="java.lang.String" itemvalue="aws_cdk.aws_s3" />
          <item index="7" class="java.lang.String" itemvalue="aws_cdk.aws_apigatewayv2" />
          <item index="8" class="java.lang.String" itemvalue="websocket-client" />
          <item index="9" class="java.lang.String" itemvalue="aws_cdk.aws_cloudfront" />
          <item index="10" class="java.lang.String" itemvalue="aws_cdk.aws_cognito" />
          <item index="11" class="java.lang.String" itemvalue="aws_cdk.aws_route53_targets" />
          <item index="12" class="java.lang.String" itemvalue="aws_cdk.aws_route53" />
          <item index="13" class="java.lang.String" itemvalue="aws_cdk.core" />
          <item index="14" class="java.lang.String" itemvalue="aws_cdk.custom_resources" />
          <item index="15" class="java.lang.String" itemvalue="aws_cdk.aws_logs" />
        </list>
      </value>
    </option>
  </inspection_tool>
  <inspection_tool class="PyUnresolvedReferencesInspection" enabled="true" level="WARNING" enabled_by_default="true">
    <option name="ignoredIdentifiers">
      <list>
        <option value="lib.chat" />
      </list>
    </option>
  </inspection_tool>
</profile>