<application>
  <component name="libraryTable">
    <library name="Python 3.6 (opt) interpreter library">
      <CLASSES>
        <root url="file:///opt/env/lib64/python3.6" />
        <root url="file:///opt/env/lib64/python3.6/lib-dynload" />
        <root url="file:///usr/lib64/python3.6" />
        <root url="file:///usr/lib/python3.6" />
        <root url="file:///opt/env/lib/python3.6/site-packages" />
        <root url="file://$USER_HOME$/.cache/JetBrains/PyCharm2020.3/python_stubs/-350569839" />
      </CLASSES>
      <JAVADOC />
      <SOURCES>
        <root url="file:///opt/env/lib64/python3.6" />
        <root url="file:///opt/env/lib64/python3.6/lib-dynload" />
        <root url="file:///usr/lib64/python3.6" />
        <root url="file:///usr/lib/python3.6" />
        <root url="file:///opt/env/lib/python3.6/site-packages" />
        <root url="file://$USER_HOME$/.cache/JetBrains/PyCharm2020.3/python_stubs/-350569839" />
      </SOURCES>
    </library>
    <library name="Python 3.6 interpreter library">
      <CLASSES />
      <JAVADOC />
      <SOURCES />
    </library>
    <library name="Python 3.8 (opt) interpreter library">
      <CLASSES>
        <root url="file:///usr/local/lib/python3.8" />
        <root url="file:///usr/local/lib/python3.8/lib-dynload" />
        <root url="file:///opt/python38_env/lib/python3.8/site-packages" />
        <root url="file://$USER_HOME$/.cache/JetBrains/PyCharm2020.3/python_stubs/928579609" />
      </CLASSES>
      <JAVADOC />
      <SOURCES>
        <root url="file:///usr/local/lib/python3.8" />
        <root url="file:///usr/local/lib/python3.8/lib-dynload" />
        <root url="file:///opt/python38_env/lib/python3.8/site-packages" />
        <root url="file://$USER_HOME$/.cache/JetBrains/PyCharm2020.3/python_stubs/928579609" />
      </SOURCES>
    </library>
    <library name="Python 3.8 (Venyou) interpreter library">
      <CLASSES>
        <root url="file:///usr/local/lib/python3.8" />
        <root url="file:///usr/local/lib/python3.8/lib-dynload" />
        <root url="file://$USER_HOME$/IdeaProjects/Venyou/venv/lib/python3.8/site-packages" />
        <root url="file://$USER_HOME$/.cache/JetBrains/IntelliJIdea2020.3/python_stubs/-1889734412" />
        <root url="file://$APPLICATION_PLUGINS_DIR$/python/helpers/python-skeletons" />
      </CLASSES>
      <JAVADOC />
      <SOURCES>
        <root url="file:///usr/local/lib/python3.8" />
        <root url="file:///usr/local/lib/python3.8/lib-dynload" />
        <root url="file://$USER_HOME$/IdeaProjects/Venyou/venv/lib/python3.8/site-packages" />
        <root url="file://$USER_HOME$/.cache/JetBrains/IntelliJIdea2020.3/python_stubs/-1889734412" />
        <root url="file://$APPLICATION_PLUGINS_DIR$/python/helpers/python-skeletons" />
      </SOURCES>
    </library>
    <library name="Remote Python 3.7.11 Docker (msp-cc-api-billing_api:latest) interpreter library">
      <CLASSES />
      <JAVADOC />
      <SOURCES />
    </library>
    <library name="Remote Python 3.7.11 Docker (msp-cc-api-customerdetails_api:latest) interpreter library">
      <CLASSES />
      <JAVADOC />
      <SOURCES />
    </library>
    <library name="Remote Python 3.7.11 Docker (msp-cc-api-jira_api:latest) interpreter library">
      <CLASSES />
      <JAVADOC />
      <SOURCES />
    </library>
    <library name="Remote Python 3.7.11 Docker (msp-cc-api-users_api:latest) interpreter library">
      <CLASSES />
      <JAVADOC />
      <SOURCES />
    </library>
    <library name="Remote Python 3.7.12 Docker (msp-cc-api-alerts_alerts_api:latest) interpreter library">
      <CLASSES />
      <JAVADOC />
      <SOURCES />
    </library>
  </component>
</application>